RANDOM_MOVES,SEARCH_EXIT_CODE,TOTAL_TIME,PLAN_LENGTH,PEAK_MEMORY,GENERATED_STATES
1,0,0.154520,1,11240,12
2,0,0.009458,2,11240,24
3,0,0.034026,3,11240,36
4,0,0.011204,4,11240,48
5,0,0.012707,5,11240,60
6,0,0.116515,6,11240,636
