RANDOM_MOVES,SEARCH_EXIT_CODE,TOTAL_TIME,PLAN_LENGTH,PEAK_MEMORY,GENERATED_STATES
1,0,0.117737,1,11240,12
2,0,0.010069,2,11240,24
3,0,0.092053,3,11240,36
4,0,0.016940,4,11240,48
5,0,0.189561,5,11240,540
6,0,0.656532,10,11376,4092
7,0,393.955136,21,803336,9236400
8,0,761.168900,24,1746376,20440536
9,0,12.907482,9,47052,443448
