RANDOM_MOVES,SEARCH_EXIT_CODE,TOTAL_TIME,PLAN_LENGTH,PEAK_MEMORY,GENERATED_STATES
1,0,0.014965,1,11240,12
2,0,0.133191,2,11240,24
3,0,0.010973,3,11240,36
4,0,0.010917,4,11240,60
5,0,0.105570,5,11240,324
6,0,0.431325,6,11240,2568
7,0,0.541029,7,11912,11232
8,0,3.104009,8,19256,112572
9,0,27.933939,9,85096,1005852
